{
  "runs": [],
  "averages": {
    "gemini_api_call": {
      "total_time": 135.03817016700054,
      "count": 12,
      "avg": 11.253180847250045
    },
    "tool_batch_execution": {
      "total_time": 0.0009097250001559587,
      "count": 9,
      "avg": 0.0001010805555728843
    }
  }
}