{
  "runs": [],
  "averages": {
    "gemini_api_call": {
      "total_time": 192.42087899499919,
      "count": 23,
      "avg": 8.366125173695616
    },
    "tool_batch_execution": {
      "total_time": 0.0009097250001559587,
      "count": 9,
      "avg": 0.0001010805555728843
    }
  }
}