{
  "runs": [],
  "averages": {
    "gemini_api_call": {
      "total_time": 195.08357252499925,
      "count": 24,
      "avg": 8.128482188541636
    },
    "tool_batch_execution": {
      "total_time": 0.0009097250001559587,
      "count": 9,
      "avg": 0.0001010805555728843
    }
  }
}