{
  "runs": [],
  "averages": {
    "gemini_api_call": {
      "total_time": 326.08762362499624,
      "count": 41,
      "avg": 7.953356673780396
    },
    "tool_batch_execution": {
      "total_time": 0.0023872250019394414,
      "count": 18,
      "avg": 0.00013262361121885787
    }
  }
}